{"cameraMode":{"drawMode":0,"name":"Shaded","section":"Shading Mode"},"sceneLighting":false,"audioPlay":false,"sceneViewState":{"m_AlwaysRefresh":false,"showFog":true,"showSkybox":false,"showFlares":true,"showImageEffects":true,"showParticleSystems":true,"showVisualEffectGraphs":true,"m_FxEnabled":true},"in2DMode":false,"pivot":{"x":-32.431636810302737,"y":-6.788448333740234,"z":0.6452865600585938},"rotation":{"x":-0.010455808602273465,"y":-0.9769430756568909,"z":0.20761525630950929,"w":-0.04926937445998192},"size":18.875280380249025,"orthographic":false}