{"cameraMode":{"drawMode":0,"name":"Shaded","section":"Shading Mode"},"sceneLighting":false,"audioPlay":false,"sceneViewState":{"m_AlwaysRefresh":false,"showFog":true,"showSkybox":false,"showFlares":true,"showImageEffects":true,"showParticleSystems":true,"showVisualEffectGraphs":true,"m_FxEnabled":true},"in2DMode":false,"pivot":{"x":-6.072775840759277,"y":-8.627989768981934,"z":0.14028167724609376},"rotation":{"x":-0.23421192169189454,"y":-0.0023329274263232948,"z":0.0006050209049135447,"w":-0.9722205996513367},"size":3.740457534790039,"orthographic":false}