{"cameraMode":{"drawMode":0,"name":"Shaded","section":"Shading Mode"},"sceneLighting":false,"audioPlay":false,"sceneViewState":{"m_AlwaysRefresh":false,"showFog":true,"showSkybox":false,"showFlares":true,"showImageEffects":true,"showParticleSystems":true,"showVisualEffectGraphs":true,"m_FxEnabled":true},"in2DMode":false,"pivot":{"x":-75.64502716064453,"y":10.215581893920899,"z":19.780315399169923},"rotation":{"x":0.24622182548046113,"y":-0.04069505259394646,"z":0.01033974438905716,"w":0.968319296836853},"size":12.179590225219727,"orthographic":false}